{
  "centroid_L1_distance": 0.6874146988449713,
  "centroid_L2_distance": 0.2911952067916995,
  "n_alive": 20,
  "n_dead": 20
}